{
	"objs" : [
		{
			"type": "lava",
			"x" : 0,
			"y" : 0,
			"width" : 16,
			"height" : 8,
			"debug" : false,
			"subRects" : [
				{
					"x" :0,
					"y" :0,
					"width" :16, 
					"height" :1
				},
				{
					"x" :0,
					"y" :1,
					"width" :14, 
					"height" :1
				},
				{
					"x" :0,
					"y" :2,
					"width" :12, 
					"height" :1
				},
				{
					"x" :0,
					"y" :3,
					"width" :15, 
					"height" :1
				},
				{
					"x" :0,
					"y" :4,
					"width" :16, 
					"height" :1
				},
				{
					"x" :0,
					"y" :5,
					"width" :16, 
					"height" :1
				},
				{
					"x" :3,
					"y" :6,
					"width" :12, 
					"height" :1
				},
				{
					"x" :4,
					"y" :7,
					"width" :10, 
					"height" :1
				}
			]
			
		},
		{
			"type" : "spike",
			"x" : 15,
			"y" : 15
		},
		{
			"type" : "spike",
			"x" : 17,
			"y" : 15
		},
		{
			"type": "water",
			"x" : 35,
			"y" : 0,
			"width" : 3,
			"height" : 3,
			"debug" : false,
			"subRects" : [
				{
					"x" : 35,
					"y" : 0,
					"width" : 3,
					"height" : 2
				},
				{
					"x" : 36,
					"y" : 2,
					"width" : 2,
					"height" : 1
				}
			]
		},
		{
			"type" : "coin",
			"x" : 0,
			"y" : 24,
			"value" : 1
		},
		{
			"type" : "coin",
			"x" : 10,
			"y" : 24,
			"value" : 5
		},
		{
			"type" : "coin",
			"x" : 14,
			"y" : 24,
			"value" : 10
		},
		{
			"type" : "coin",
			"x" : 16,
			"y" : 24,
			"value" : 20
		},
		{
			"type" : "coin",
			"x" : 18,
			"y" : 24,
			"value" : 50
		},
		{
			"type" : "coin",
			"x" : 12,
			"y" : 24,
			"value" : 5
		},
		{
			"type" : "coin",
			"x" : 8,
			"y" : 24,
			"value" : 1
		},
		{
			"type" : "coin",
			"x" : 6,
			"y" : 24,
			"value" : 1
		},
		{
			"type" : "coin",
			"x" : 4,
			"y" : 24,
			"value" : 1
		},
		{
			"type" : "coin",
			"x" : 2,
			"y" : 24,
			"value" : 1
		},
		{
			"type" : "coin",
			"x" : 12,
			"y" : 24,
			"value" : 5
		}
		
	]
}