{
	"objs" : [
		{
			"type": "wall",
			"x" : 0,
			"y" : 0,
			"width" : 38,
			"height" : 9,
			"debug" : false,
			"subRects" : [
				{
					"x" : 0,
					"y" : 0,
					"width" : 38,
					"height" : 1
				},
				{
					"x" : 0,
					"y" : 1,
					"width" : 1,
					"height" : 7
				},
				{
					"x" : 37,
					"y" : 1,
					"width" : 1,
					"height" : 7
				},
				{
					"x" : 0,
					"y" : 8,
					"width" : 38,
					"height" : 1
				}
			]
		},
		{
			"type" : "coin",
			"x" : 1,
			"y" : 1,
			"value" : 50 
		},
		{
			"type" : "coin",
			"x" : 36,
			"y" : 1,
			"value" : 50 
		},
		{
			"type" : "coin",
			"x" : 1,
			"y" : 7,
			"value" : 50 
		},
		{
			"type" : "coin",
			"x" : 36,
			"y" : 7,
			"value" : 50 
		},
		{
			"type" : "vermine",
			"x" : 2,
			"y" : 2
		},
		{
			"type" : "vermine",
			"x" : 4,
			"y" : 2
		},
		{
			"type" : "vermine",
			"x" : 6,
			"y" : 2
		}
	]
}